{"cameraMode":{"drawMode":0,"name":"Shaded","section":"Shading Mode"},"sceneLighting":false,"audioPlay":false,"sceneViewState":{"m_AlwaysRefresh":false,"showFog":true,"showSkybox":false,"showFlares":true,"showImageEffects":true,"showParticleSystems":true,"showVisualEffectGraphs":true,"m_FxEnabled":true},"in2DMode":false,"pivot":{"x":0.0698474645614624,"y":1.8005561828613282,"z":-0.0017970800399780274},"rotation":{"x":0.01568690687417984,"y":-0.9827656149864197,"z":0.09941039979457855,"w":0.15517514944076539},"size":1.4629508256912232,"orthographic":false}