{"cameraMode":{"drawMode":0,"name":"Shaded","section":"Shading Mode"},"sceneLighting":false,"audioPlay":false,"sceneViewState":{"m_AlwaysRefresh":true,"showFog":true,"showSkybox":false,"showFlares":true,"showImageEffects":true,"showParticleSystems":true,"showVisualEffectGraphs":true,"m_FxEnabled":true},"in2DMode":false,"pivot":{"x":35.39373779296875,"y":-2.2021994590759279,"z":0.9608893394470215},"rotation":{"x":0.02930247224867344,"y":0.6951983571052551,"z":-0.02838808111846447,"w":0.7176694273948669},"size":18.666255950927736,"orthographic":false}