{"cameraMode":{"drawMode":0,"name":"Shaded","section":"Shading Mode"},"sceneLighting":false,"audioPlay":false,"sceneViewState":{"m_AlwaysRefresh":false,"showFog":true,"showSkybox":false,"showFlares":true,"showImageEffects":true,"showParticleSystems":true,"showVisualEffectGraphs":true,"m_FxEnabled":true},"in2DMode":false,"pivot":{"x":0.05902433395385742,"y":0.6209608316421509,"z":-0.3911675214767456},"rotation":{"x":-0.15233922004699708,"y":0.8003943562507629,"z":-0.2280612736940384,"w":-0.5332075357437134},"size":1.5372836589813233,"orthographic":false}