{"cameraMode":{"drawMode":0,"name":"Shaded","section":"Shading Mode"},"sceneLighting":false,"audioPlay":false,"sceneViewState":{"m_AlwaysRefresh":true,"showFog":true,"showSkybox":false,"showFlares":true,"showImageEffects":true,"showParticleSystems":true,"showVisualEffectGraphs":true,"m_FxEnabled":true},"in2DMode":false,"pivot":{"x":911.6409912109375,"y":544.1200561523438,"z":1.014373779296875},"rotation":{"x":-0.030293578281998636,"y":0.027581501752138139,"z":-0.0008357514161616564,"w":-0.9991627931594849},"size":172.0465087890625,"orthographic":false}