{"cameraMode":{"drawMode":0,"name":"Shaded","section":"Shading Mode"},"sceneLighting":false,"audioPlay":false,"sceneViewState":{"m_AlwaysRefresh":true,"showFog":true,"showSkybox":true,"showFlares":true,"showImageEffects":true,"showParticleSystems":true,"showVisualEffectGraphs":true,"m_FxEnabled":true},"in2DMode":false,"pivot":{"x":-1.6823378801345826,"y":1.474205493927002,"z":-7.1629815101623539},"rotation":{"x":0.13340584933757783,"y":-0.011886226944625378,"z":0.0012432371731847525,"w":0.9910774827003479},"size":1.1777946949005128,"orthographic":false}