{"cameraMode":{"drawMode":0,"name":"Shaded","section":"Shading Mode"},"sceneLighting":false,"audioPlay":false,"sceneViewState":{"m_AlwaysRefresh":false,"showFog":true,"showSkybox":false,"showFlares":true,"showImageEffects":true,"showParticleSystems":true,"showVisualEffectGraphs":true,"m_FxEnabled":true},"in2DMode":false,"pivot":{"x":-0.04542577266693115,"y":2.2571964263916017,"z":0.16737604141235352},"rotation":{"x":0.01568690687417984,"y":-0.9827656149864197,"z":0.09941039979457855,"w":0.15517514944076539},"size":3.312058925628662,"orthographic":false}