{"cameraMode":{"drawMode":0,"name":"Shaded","section":"Shading Mode"},"sceneLighting":true,"audioPlay":false,"sceneViewState":{"m_AlwaysRefresh":false,"showFog":true,"showSkybox":false,"showFlares":true,"showImageEffects":true,"showParticleSystems":true,"showVisualEffectGraphs":true,"m_FxEnabled":true},"in2DMode":false,"pivot":{"x":0.6887390613555908,"y":1.3273289203643799,"z":10.599407196044922},"rotation":{"x":-0.07937520742416382,"y":0.474700003862381,"z":-0.04282551258802414,"w":-0.8755767345428467},"size":1.2247449159622193,"orthographic":false}