{"cameraMode":{"drawMode":0,"name":"Shaded","section":"Shading Mode"},"sceneLighting":false,"audioPlay":false,"sceneViewState":{"m_AlwaysRefresh":false,"showFog":true,"showSkybox":false,"showFlares":true,"showImageEffects":true,"showParticleSystems":true,"showVisualEffectGraphs":true,"m_FxEnabled":true},"in2DMode":false,"pivot":{"x":-0.013701677322387696,"y":1.6180129051208497,"z":-0.08629822731018067},"rotation":{"x":0.01568690687417984,"y":-0.9827656149864197,"z":0.09941039979457855,"w":0.15517514944076539},"size":4.826302528381348,"orthographic":false}