{"cameraMode":{"drawMode":0,"name":"Shaded","section":"Shading Mode"},"sceneLighting":true,"audioPlay":false,"sceneViewState":{"m_AlwaysRefresh":false,"showFog":true,"showSkybox":false,"showFlares":true,"showImageEffects":true,"showParticleSystems":true,"showVisualEffectGraphs":true,"m_FxEnabled":true},"in2DMode":false,"pivot":{"x":0.6866767406463623,"y":1.4713780879974366,"z":10.92186450958252},"rotation":{"x":-0.09936842322349549,"y":0.5084241032600403,"z":-0.05898524820804596,"w":-0.8533837199211121},"size":1.2247449159622193,"orthographic":false}